<?xml version="1.0"?>
<opencv_storage>
<stage1>
  <maxWeakCount>3</maxWeakCount>
  <stageThreshold>-8.7265783548355103e-01</stageThreshold>
  <weakClassifiers>
    <_>
      <internalNodes>
        0 -1 146789 2.8695873916149139e-02</internalNodes>
      <leafValues>
        -7.0334929227828979e-01 8.8746803998947144e-01</leafValues></_>
    <_>
      <internalNodes>
        0 -1 2548 -1.0210264474153519e-01</internalNodes>
      <leafValues>
        8.0308175086975098e-01 -8.3060926198959351e-01</leafValues></_>
    <_>
      <internalNodes>
        0 -1 90305 -2.8901414945721626e-02</internalNodes>
      <leafValues>
        6.6130071878433228e-01 -7.9040944576263428e-01</leafValues></_></weakClassifiers></stage1>
</opencv_storage>
